Type,# Fat,Date,Month,Day,Hour,Time,x,y,Year
Motorcycle,2,2013-01-01,1,2,18,18:50:00,-97.68788,30.269347,2013
Motor Vehicle,1,2013-01-03,1,4,4,04:10:00,-97.803716,30.12022,2013
Motor Vehicle,1,2013-01-08,1,2,7,07:30:00,-97.687103,30.267664,2013
Motor Vehicle,1,2013-01-15,1,2,11,11:31:00,-97.791976,30.151241,2013
Motor Vehicle,1,2013-01-18,1,5,15,15:28:00,-97.681544,30.315898,2013
Motorcycle,1,2013-01-19,1,6,17,17:08:00,-97.695888,30.415821,2013
Motor Vehicle,1,2013-01-10,1,4,4,04:03:00,-97.700756,30.351081,2013
Motor Vehicle,1,2013-01-30,1,3,0,00:28:00,-97.642155,30.406236,2013
Pedestrian,1,2013-02-02,2,6,20,20:52:00,-97.77159,30.223113,2013
Pedestrian,1,2013-02-06,2,3,20,20:10:10,-97.75633,30.318529,2013
Motor Vehicle,1,2013-02-12,2,2,10,10:58:00,-97.769631,30.341323,2013
Pedestrian,1,2013-02-17,2,7,23,23:12:00,-97.700601,30.339498,2013
Motor Vehicle,1,2013-02-19,2,2,14,14:57:00,-97.735461,30.430413,2013
Motor Vehicle,1,2013-02-21,2,4,23,23:37:00,-97.826771,30.160693,2013
Pedestrian,1,2013-02-22,2,5,3,03:50:00,-97.776605,30.182147,2013
Motor Vehicle,1,2013-03-04,3,1,7,07:29:00,-97.588595,30.350896,2013
Pedestrian,1,2013-03-08,3,5,2,02:20:00,-97.718699,30.235657,2013
Motorcycle,1,2013-03-13,3,3,7,07:45:00,-97.621598,30.208385,2013
Pedestrian,1,2013-03-13,3,3,14,14:30:00,-97.72461,30.257132,2013
Motorcycle,1,2013-03-17,3,7,14,14:20:00,-97.826268,30.389083,2013
Motor Vehicle,1,2013-03-22,3,5,22,22:45:00,-97.661363,30.318695,2013
Pedestrian,1,2013-03-23,3,6,7,07:45:00,-97.683733,30.201501,2013
Motor Vehicle,1,2013-04-02,4,2,11,11:38:00,-97.627072,30.292614,2013
Pedestrian,1,2013-04-09,4,2,6,06:04:00,-97.641246,30.203936,2013
Pedestrian,1,2013-04-18,4,4,20,20:35:00,-97.687226,30.359323,2013
Pedestrian,1,2013-04-20,4,6,0,00:50:00,-97.660994,30.302634,2013
Motorcycle,1,2013-04-20,4,6,1,01:31:00,-97.795079,30.447456,2013
Motor Vehicle,1,2013-04-21,4,7,20,20:24:00,-97.8566,30.235513,2013
Pedestrian,1,2013-05-07,5,2,22,22:08:00,-97.720165,30.335683,2013
Pedestrian,1,2013-05-11,5,6,1,01:11:00,-97.648145,30.207487,2013
Motor Vehicle,1,2013-05-24,5,5,16,16:42:00,-97.646081,30.181936,2013
Motorcycle,1,2013-06-13,6,4,1,01:20:00,-97.770106,30.190256,2013
Motor Vehicle,1,2013-06-13,6,4,5,05:33:00,-97.739917,30.330438,2013
Motor Vehicle,1,2013-06-13,6,4,23,23:37:00,-97.806568,30.363974,2013
Motorcycle,1,2013-06-18,6,2,6,06:02:00,-97.737274,30.304103,2013
Pedestrian,1,2013-06-20,6,4,21,21:24:00,-97.728674,30.280882,2013
Pedestrian,1,2013-06-23,6,7,6,06:02:00,-97.815177,30.240938,2013
Pedestrian,1,2013-06-23,6,7,19,19:48:00,-97.696115,30.267367,2013
Bicycle,1,2013-06-18,6,2,12,12:28:00,-97.864764,30.234065,2013
Motor Vehicle,1,2013-06-30,6,7,3,03:27:00,-97.69306,30.321091,2013
Pedestrian,1,2013-06-12,6,3,22,22:55:00,30.231011,-97.734398,2013
Motor Vehicle,1,2013-07-15,7,2,12,12:04:00,30.419,-97.747327,2013
Motor Vehicle,1,2013-07-19,7,5,12,12:34:00,30.28611,-97.664649,2013
Motorcycle,1,2013-07-19,7,5,21,21:59:00,30.164574,-97.830058,2013
Pedestrian,1,2013-07-19,7,5,22,22:48:00,30.243861,-97.735137,2013
Motorcycle,1,2013-07-20,7,6,7,07:25:00,30.348073,-97.712943,2013
Motor Vehicle,1,2013-07-21,7,7,3,03:17:00,30.402273,-97.670028,2013
Motor Vehicle,1,2013-07-25,7,4,7,07:15:00,30.430973,-97.841938,2013
Motor Vehicle,1,2013-08-02,8,5,1,01:02:00,30.40803,-97.675235,2013
Motorcycle,1,2013-08-10,8,6,1,01:19:00,30.218285,-97.690489,2013
Motor Vehicle,1,2013-08-12,8,1,2,02:10:00,30.22426,-97.682802,2013
Motor Vehicle,1,2013-09-01,9,7,3,03:34:00,30.204719,-97.642804,2013
Motor Vehicle,1,2013-09-04,9,3,2,02:15:00,30.441168,-97.666175,2013
Motor Vehicle,1,2013-09-08,9,7,1,01:45:00,30.376348,-97.675979,2013
Motor Vehicle,1,2013-09-10,9,2,13,13:22:00,30.28373,-97.696093,2013
Motor Vehicle,1,2013-09-20,9,5,20,20:37:00,30.185927,-97.816306,2013
Pedestrian,1,2013-09-28,9,6,11,11:08:00,30.204267,-97.777862,2013
Motor Vehicle,1,2013-10-13,10,7,16,16:39:00,30.228687,-97.785726,2013
Motor Vehicle,1,2013-10-20,10,7,4,04:39:00,30.166658,-97.787111,2013
Motor Vehicle,2,2013-10-23,10,3,0,00:52:00,30.409428,-97.712171,2013
Motor Vehicle,1,2013-10-24,10,4,21,21:11:00,30.22016,-97.671929,2013
Motor Vehicle,1,2013-10-25,10,5,22,22:20:00,30.229529,-97.788591,2013
Motor Vehicle,1,2013-10-26,10,6,21,21:45:00,30.336222,-97.80548,2013
Pedestrian,1,2013-10-31,10,4,21,21:16:00,30.315469,-97.663108,2013
Motor Vehicle,1,2013-11-12,11,2,22,22:25:00,30.196626,-97.765377,2013
Motor Vehicle,1,2013-11-24,11,7,2,02:25:00,30.248801,-97.885898,2013
Motor Vehicle,1,2013-11-27,11,3,5,05:53:00,30.279944,-97.645568,2013
Pedestrian,1,2013-11-27,11,3,21,21:58:00,30.284778,-97.660153,2013
Pedestrian,1,2013-11-29,11,5,9,09:44:00,30.337134,-97.766676,2013
Pedestrian,1,2013-12-07,12,6,20,20:17:00,30.225812,-97.768352,2013
Motor Vehicle,2,2013-12-27,12,5,23,23:30:00,30.409724,-97.85101,2013
Motor Vehicle,1,2013-12-30,12,1,15,15:57:00,30.422342,-97.70823,2013
Motor Vehicle,2,2014-01-03,1,5,1,01:53:00,-97.751802,30.21702,2014
Motor Vehicle,1,2014-01-12,1,7,21,21:15:00,-97.738763,30.341347,2014
Motor Vehicle,2,2014-02-04,2,2,14,14:33:00,-97.74472,30.407805,2014
Motor Vehicle,1,2014-02-09,2,7,17,17:51:00,-97.630282,30.330002,2014
Motor Vehicle,1,2014-02-11,2,2,2,02:37:00,-97.713735,30.212157,2014
Motorcycle,1,2014-02-22,2,6,18,18:32:00,-97.665731,30.317548,2014
Pedestrian,1,2014-02-20,2,4,19,19:15:00,-97.659822,30.284725,2014
Pedestrian,1,2014-03-02,3,7,2,02:17:00,-97.759144,30.294215,2014
Motorcycle,1,2014-03-12,3,3,17,17:00:00,-97.684455,30.28556,2014
Motorcycle,1,2014-03-13,3,4,0,00:31:00,-97.73581,30.27022,2014
Pedestrian,1,2014-03-13,3,4,0,00:31:00,-97.73581,30.27022,2014
Bicycle,1,2014-03-13,3,4,0,00:31:00,-97.73581,30.27022,2014
Pedestrian,1,2014-03-13,3,4,0,00:31:00,-97.73581,30.27022,2014
Pedestrian,1,2014-03-24,3,1,21,21:20:00,-97.698085,30.361117,2014
Pedestrian,1,2014-04-02,4,3,7,07:00:00,-97.763019,30.253581,2014
Pedestrian,1,2014-04-08,4,2,6,06:02:00,-97.688218,30.239797,2014
Motorcycle,1,2014-04-18,4,5,9,09:48:00,-97.7125,30.347593,2014
Motor Vehicle,1,2014-04-19,4,6,3,03:26:00,-97.655783,30.328984,2014
Pedestrian,1,2014-04-26,4,6,1,01:12:00,-97.733502,30.267503,2014
Pedestrian,1,2014-04-26,4,6,6,06:46:00,-97.777489,30.268938,2014
Motor Vehicle,2,2014-05-02,5,5,10,10:49:00,-97.781355,30.257395,2014
Motorcycle,1,2014-05-18,5,7,15,15:28:00,-97.87126,30.237744,2014
Motor Vehicle,1,2014-05-26,5,1,9,09:40:00,-97.700601,30.339498,2014
Motor Vehicle,1,2014-05-29,5,4,23,23:06:00,-97.678767,30.294168,2014
Motorcycle,1,2014-06-05,6,4,21,21:42:00,-97.590155,30.340026,2014
Pedestrian,1,2014-11-11,11,2,13,13:52:00,-97.729095,30.326259,2014
Motor Vehicle,2,2014-06-10,6,2,18,18:50:00,-97.613107,30.36853,2014
Motorcycle,1,2014-06-27,6,5,15,15:08:00,-97.738173,30.379796,2014
Motor Vehicle,1,2014-06-06,6,5,20,20:39:00,-97.591516,30.339515,2014
Motor Vehicle,1,2014-07-02,7,3,12,12:08:00,-97.772948,30.492195,2014
Motorcycle,1,2014-07-05,7,6,1,01:16:00,-97.752327,30.21657,2014
Motor Vehicle,1,2014-07-27,7,7,7,07:13:00,-97.803295,30.479426,2014
18 Wheeler,1,2014-07-30,7,3,3,03:24:00,-97.673681,30.383648,2014
Motorcycle,1,2014-08-05,8,2,13,13:29:00,-97.787876,30.449519,2014
Pedestrian,1,2014-08-07,8,4,20,20:32:00,-97.694928,30.346835,2014
Motor Vehicle,1,2014-08-10,8,7,21,21:25:00,-97.733163,30.269471,2014
Motorcycle,1,2014-08-12,8,1,18,18:56:00,-97.631734,30.376003,2014
Motorcycle,1,2014-08-15,8,5,3,03:56:00,-97.713716,30.260915,2014
Motor Vehicle,1,2014-08-24,8,7,5,05:53:00,-97.760208,30.22965,2014
Motor Vehicle,1,2014-08-30,8,6,5,05:19:00,-97.68433,30.321963,2014
Motor Vehicle,1,2014-09-07,9,7,0,00:49:00,-97.736236,30.250729,2014
Motor Vehicle,1,2014-09-13,9,6,3,03:18:00,-97.735467,30.243563,2014
Motor Vehicle,1,2014-09-14,9,7,0,00:05:00,-97.682959,30.229497,2014
Motor Vehicle,1,2014-07-22,7,2,13,13:52:00,-97.638374,30.207249,2014
Motor Vehicle,1,2014-10-23,10,4,12,12:07:00,-97.747558,30.409549,2014
Motor Vehicle,1,2014-10-25,10,6,0,00:53:00,-97.6979,30.382712,2014
Motor Vehicle,1,2014-10-29,10,3,20,20:46:00,-97.590688,30.341126,2014
Motor Vehicle,1,2014-10-31,10,5,12,12:32:00,-97.686689,30.411388,2014
Pedestrian,1,2014-11-01,11,6,4,04:14:00,-97.706751,30.414121,2014
Motor Vehicle,1,2014-10-11,10,6,16,16:59:00,-97.793049,30.167559,2014
Pedestrian,1,2014-11-08,11,6,22,22:12:00,-97.663108,30.315469,2014
18 Wheeler,1,2014-11-11,11,2,22,22:19:00,-97.728661,30.374358,2014
Pedestrian,1,2014-11-20,11,4,21,21:50:00,-97.707256,30.344719,2014
Motorcycle,1,2014-11-23,11,7,13,13:06:00,-97.84266,30.428784,2014
Motorcycle,1,2014-11-24,11,1,18,18:55:00,-97.663369,30.414338,2014
Motor Vehicle,1,2014-11-30,11,7,3,03:32:00,-97.720396,30.232393,2014
Pedestrian,1,2014-12-03,12,3,18,18:37:00,-97.785677,30.200544,2014
Motor Vehicle,1,2014-12-20,12,6,4,04:28:00,-97.798418,30.185692,2014
Motor Vehicle,1,2014-12-27,12,6,15,15:44:00,-97.623452,30.194506,2014
Motor Vehicle,1,2015-01-06,1,2,17,17:15,-97.715944,30.32067,2015
Pedestrian,1,2015-01-07,1,3,18,18:36,-97.673245,30.385484,2015
Pedestrian,1,2015-01-10,1,6,3,03:10,-97.67851,30.323619,2015
Motorcycle,1,2015-01-13,1,2,21,21:30,-97.718725,30.232049,2015
Motor Vehicle,1,2015-01-15,1,4,1,01:41,-97.695498,30.309187,2015
Pedestrian,1,2015-01-18,1,7,19,19:37,-97.784913,30.174156,2015
Motor Vehicle,1,2015-01-18,1,7,21,21:23,-97.748399,30.298288,2015
Pedestrian,1,2015-01-20,1,2,18,18:36,-97.692509,30.338413,2015
Motor Vehicle,1,2015-01-24,1,6,4,04:17,-97.701386,30.194606,2015
Motor Vehicle,1,2015-01-27,1,2,21,21:42,-97.713545,30.351126,2015
Motor Vehicle,1,2015-01-09,1,5,2,02:58,-97.6745,30.409123,2015
Pedestrian,1,2015-02-11,2,3,2,02:46,-97.694587,30.36736,2015
Motor Vehicle,1,2015-02-12,2,4,12,12:23,-97.817727,30.271634,2015
Motor Vehicle,1,2015-02-15,2,7,1,01:06,-97.657145,30.303036,2015
Motor Vehicle,1,2015-02-22,2,7,6,06:13,-97.695888,30.415821,2015
Motor Vehicle,1,2015-02-23,2,1,1,01:17,-97.703825,30.332368,2015
Pedestrian,1,2015-03-15,3,7,3,03:27,-97.677277,30.328779,2015
Motor Vehicle,1,2015-03-18,3,3,2,02:23,-97.737571,30.313464,2015
Pedestrian,1,2015-03-19,3,4,22,22:29,-97.671929,30.22016,2015
Motorcycle,1,2015-03-23,3,1,3,03:17,-97.805879,30.174032,2015
Motor Vehicle,1,2015-03-23,3,1,21,21:03,-97.823769,30.38731,2015
Motor Vehicle,1,2015-03-28,3,6,4,04:12,-97.756048,30.317719,2015
Motorcycle,1,2015-03-28,3,6,18,18:07,-97.663628,30.291885,2015
Motorcycle,1,2015-03-29,3,7,1,01:15,-97.670686,30.430611,2015
Motorcycle,1,2015-03-30,3,1,6,06:50,-97.80491,30.375732,2015
Motor Vehicle,1,2015-03-27,3,5,20,20:24,-97.80619,30.173966,2015
Motor Vehicle,1,2015-04-12,4,7,20,10:31,-97.71428,30.407375,2015
Pedestrian,2,2015-04-22,4,3,6,06:00,-97.72692,30.210462,2015
Motorcycle,1,2015-04-22,4,3,20,20:52,-97.789573,30.481956,2015
Pedestrian,1,2015-04-26,4,7,2,02:26,-97.683292,30.217685,2015
Motorcycle,1,2015-04-29,4,3,8,08:34,-97.77009,30.275775,2015
Pedestrian,1,2015-05-04,5,1,12,12:04,-97.763421,30.223733,2015
Motor Vehicle,2,2015-05-10,5,7,3,03:24,-97.65258,30.391028,2015
Pedestrian,1,2015-05-15,5,5,21,21:47,-97.722274,30.371675,2015
Motorcycle,1,2015-05-16,5,6,1,01:08,-97.78766,30.239787,2015
Pedestrian,1,2015-05-22,5,5,2,02:23,-97.741494,30.252034,2015
Motor Vehicle,1,2015-05-01,5,5,9,09:17,-97.691335,30.249889,2015
Motor Vehicle,1,2015-05-25,5,1,9,09:04,-97.678176,30.407802,2015
Motor Vehicle,1,2015-05-27,5,3,21,21:30,-97.791119,30.198508,2015
Pedestrian,1,2015-06-01,6,1,9,09:55,-97.749276,30.259758,2015
Motor Vehicle,1,2015-06-01,6,1,22,22:07,-97.832534,30.326339,2015
Bicycle,1,2015-06-06,6,6,18,18:34,-97.652402,30.293725,2015
Pedestrian,1,2015-06-06,6,6,23,23:00,-97.711045,30.321464,2015
Motorcycle,1,2015-06-08,6,1,15,15:24,-97.804447,30.224703,2015
Pedestrian,1,2015-06-14,6,7,22,22:49,-97.764739,30.197422,2015
Motor Vehicle,1,2015-06-19,6,5,0,00:56,-97.787125,30.229558,2015
Motor Vehicle,1,2015-06-28,6,7,1,01:51,-97.664757,30.288454,2015
Motor Vehicle,1,2015-07-02,7,4,18,18:13,-97.70732,30.322081,2015
Pedestrian,1,2015-07-08,7,3,21,21:55,-97.756365,30.235508,2015
Pedestrian,1,2015-07-11,7,6,1,01:21,-97.695696,30.336382,2015
Pedestrian,1,2015-07-11,7,6,3,03:14,-97.727401,30.268499,2015
Motor Vehicle,1,2015-07-11,7,6,19,19:09,-97.79421,30.144131,2015
Motor Vehicle,1,2015-07-03,7,5,13,13:42,-97.702194,30.265992,2015
Pedestrian,1,2015-07-14,7,1,23,23:01,-97.671486,30.326066,2015
Pedestrian,1,2015-07-16,7,4,2,02:23,-97.660994,30.302634,2015
Motor Vehicle,1,2015-07-15,7,3,20,20:07,-97.820667,30.385117,2015
Motor Vehicle,3,2015-07-24,7,5,1,01:13,-97.694321,30.348091,2015
Motor Vehicle,1,2015-07-30,7,3,0,00:42,-97.831644,30.163553,2015
Motor Vehicle,1,2015-07-31,7,5,12,12:23,-97.823807,30.173724,2015
Pedestrian,1,2015-07-27,7,1,21,21:19,-97.778258,30.194397,2015
Motorcycle,1,2015-08-09,8,7,1,01:30,-97.743496,30.266209,2015
Motor Vehicle,1,2015-08-10,8,1,8,08:49,-97.847401,30.182463,2015
Motorcycle,1,2015-08-16,8,7,18,18:01,-97.734873,30.275603,2015
Motor Vehicle,2,2015-08-19,8,3,2,02:36,-97.71529,30.301973,2015
Motor Vehicle,2,2015-08-20,8,4,12,12:34,-97.687638,30.182873,2015
Motor Vehicle,4,2015-08-30,8,7,4,04:53,-97.732709,30.393224,2015
Pedestrian,1,2015-09-08,9,2,21,21:02,-97.805739,30.207217,2015
Motor Vehicle,1,2015-09-14,9,1,5,05:00,-97.694849,30.347241,2015
Pedestrian,1,2015-09-14,9,1,20,20:48,-97.677,30.427,2015
Pedestrian,1,2015-09-22,9,2,8,08:27,-97.7706,30.190436,2015
Motor Vehicle,1,2015-09-23,9,3,1,01:09,-97.63804,30.20259,2015
Motor Vehicle,1,2015-09-26,9,6,3,03:58,-97.637274,30.276794,2015
Motorcycle,1,2015-10-10,10,6,21,21:47,-97.734873,30.245924,2015
Pedestrian,1,2015-10-14,10,3,0,00:55,-97.753554,30.238795,2015
Motor Vehicle,1,2015-10-31,10,6,19,19:33,-97.696726,30.319925,2015
Motor Vehicle,1,2015-11-03,11,2,0,00:04,-97.616094,30.332798,2015
Motor Vehicle,1,2015-11-06,11,5,2,02:09,-97.682474,30.221945,2015
Motor Vehicle,1,2015-11-09,11,1,0,00:21,-97.723913,30.371852,2015
Pedestrian,1,2015-11-08,11,7,3,03:13,-97.725656,30.23768,2015
Motor Vehicle,1,2015-11-14,11,6,1,01:55,-97.866869,30.200995,2015
Motor Vehicle,1,2015-11-14,11,6,17,17:03,-97.715625,30.330386,2015
Motorcycle,1,2015-11-18,11,3,19,19:52,-97.720636,30.237093,2015
Pedestrian,1,2015-11-30,11,1,5,05:23,-97.778778,30.178904,2015
Pedestrian,1,2015-12-11,12,5,19,19:19,-97.621854,30.168811,2015
Motor Vehicle,1,2015-12-16,12,3,2,02:36,-97.703816,30.262494,2015
Pedestrian,1,2015-12-17,12,4,12,12:50,-97.645918,30.206452,2015
Bicycle,1,2015-12-22,12,2,6,06:31,-97.851153,30.181508,2015
Motor Vehicle,1,2015-09-05,9,6,7,07:14,-97.756444,30.177781,2015
Motor Vehicle,1,2015-12-30,12,3,3,03:26,-97.761469,30.261983,2015
Motor Vehicle,1,2015-12-30,12,3,5,05:50,-97.672652,30.386102,2015
Motorcycle,1,2015-12-31,12,4,1,01:12,-97.732617,30.363462,2015
Motor Vehicle,1,2015-12-26,12,6,21,21:06,-97.789771,30.160294,2015
Motorcycle,1,2015-12-31,12,4,11,11:53,-97.779062,30.439465,2015
Pedestrian,1,2016-01-06,1,3,23,23:14,-97.793878,30.475234,2016
Pedestrian,1,2016-01-14,1,4,14,14:46,-97.717471,30.231659,2016
Motor Vehicle,1,2016-01-22,1,5,23,23:29,-97.739337,30.170877,2016
Pedestrian,1,2016-01-30,1,6,20,20:01,-97.679087,30.402741,2016
Motorcycle,1,2016-02-14,2,7,2,02:22,-97.698371,30.191989,2016
Motor Vehicle,1,2016-02-14,2,7,2,02:36,-97.791941,30.197194,2016
Pedestrian,1,2016-02-14,2,7,19,19:05,-97.695743,30.236873,2016
Motorcycle,1,2016-02-18,2,4,13,13:14,-97.795248,30.465592,2016
Pedestrian,1,2016-02-19,2,5,23,23:08,-97.725656,30.23768,2016
Motorcycle,1,2016-02-26,2,5,9,09:47,-97.826296,30.389103,2016
Motor Vehicle,1,2016-03-08,3,2,10,10:48,-97.755809,30.337271,2016
Pedestrian,1,2016-03-11,3,5,5,05:12,-97.73227,30.270865,2016
Motor Vehicle,1,2016-03-16,3,3,0,00:07,-97.758001,30.267707,2016
Pedestrian,1,2016-03-18,3,5,20,20:47,-97.735195,30.247856,2016
Motor Vehicle,1,2016-03-29,3,2,23,23:59,-97.754654,30.201896,2016
Motor Vehicle,1,2016-03-24,3,4,8,08:58,-97.85995,30.158302,2016
Motorcycle,1,2016-04-01,4,5,13,13:29,-97.763114,30.500154,2016
Motorcycle,1,2016-04-08,4,5,18,18:46,-97.705781,30.232566,2016
Motorcycle,1,2016-04-19,4,2,12,12:56,-97.789896,30.470218,2016
Pedestrian,1,2016-04-22,4,5,6,06:21,-97.725935,30.375228,2016
Motorcycle,1,2016-04-23,4,6,18,18:13,-97.730194,30.239088,2016
Pedestrian,1,2016-05-01,5,7,3,03:20,-97.736223,30.261144,2016
Motor Vehicle,1,2016-05-06,5,5,23,23:18,-97.734101,30.220622,2016
Pedestrian,1,2016-05-13,5,5,14,14:17,-97.718468,30.350354,2016
Motor Vehicle,1,2016-05-20,5,5,20,20:35,-97.675053,30.352273,2016
Pedestrian,1,2016-05-22,5,7,17,17:05,-97.700158,30.316849,2016
Pedestrian,1,2016-05-25,5,3,23,23:22,-97.709204,30.311291,2016
Motor Vehicle,1,2016-05-29,5,7,9,09:05,-97.725626,30.392347,2016
Motor Vehicle,1,2016-06-02,6,4,3,03:14,-97.803406,30.471766,2016
Pedestrian,1,2016-06-07,6,2,22,22:14,-97.781239,30.430139,2016
Motor Vehicle,1,2016-06-12,6,7,3,03:32,-97.741923,30.232282,2016
Pedestrian,1,2016-07-03,7,7,22,22:30,-97.730598,30.357174,2016
Motor Vehicle,1,2016-07-06,7,3,15,15:16,-97.607401,30.334455,2016
Pedestrian,1,2016-07-09,7,6,5,05:49,-97.654923,30.399548,2016
Motor Vehicle,1,2016-07-10,7,7,6,06:40,-97.755432,30.374391,2016
Motor Vehicle,1,2016-07-20,7,3,17,17:09,-97.622248,30.20151,2016
Motor Vehicle,1,2016-07-24,7,7,2,02:30,-97.775075,30.269929,2016
Motor Vehicle,1,2016-07-23,7,6,23,23:32,-97.736062,30.437194,2016
Bicycle,1,2016-07-10,7,7,23,23:40,-97.768808,30.173442,2016
Motor Vehicle,1,2016-08-09,8,2,16,16:21,-97.792588,30.113096,2016
Pedestrian,1,2016-08-13,8,6,2,02:07,-97.736646,30.254833,2016
Motor Vehicle,1,2016-08-19,8,5,20,20:24,-97.746502,30.224041,2016
Motor Vehicle,1,2016-08-20,8,6,3,03:50,-97.668397,30.443217,2016
Pedestrian,1,2016-08-20,8,6,23,23:07,-97.785079,30.195639,2016
Motor Vehicle,1,2016-08-23,8,2,13,13:05,-97.731357,30.356425,2016
Motorcycle,1,2016-08-30,8,2,20,20:30,-97.716751,30.408162,2016
Motorcycle,1,2016-09-01,9,4,11,11:14,-97.729061,30.362911,2016
Motor Vehicle,2,2016-09-10,9,6,6,06:24,-97.813137,30.324214,2016
Motor Vehicle,1,2016-09-10,9,6,17,17:57,-97.84266,30.428784,2016
Pedestrian,1,2016-09-18,9,7,21,21:55,-97.772877,30.221043,2016
Motorcycle,1,2016-09-19,9,1,17,17:45,-97.860751,30.252162,2016
Motorcycle,1,2016-09-28,9,3,2,02:15,-97.755944,30.328111,2016
Motor Vehicle,1,2016-10-02,10,7,0,00:19,-97.689117,30.330145,2016
Motor Vehicle,1,2016-10-12,10,3,23,23:53,-97.709194,30.203042,2016
Motor Vehicle,1,2016-10-15,10,6,3,03:27,-97.830063,30.22721,2016
Motor Vehicle,1,2016-10-13,10,4,8,08:39,-97.831159,30.236357,2016
Motor Vehicle,1,2016-10-19,10,3,2,02:25,-97.741652,30.23385,2016
Motor Vehicle,1,2016-10-26,10,3,3,03:20,-97.731593,30.330871,2016
Motor Vehicle,1,2016-10-26,10,3,12,12:07,-97.824728,30.172108,2016
Bicycle,1,2016-11-05,11,6,7,07:20,-97.832441,30.236119,2016
Pedestrian,1,2016-11-08,11,1,6,18:57,-97.700108,30.357647,2016
Motorcycle,1,2016-11-11,11,5,8,20:21,-97.811354,30.104064,2016
Pedestrian,1,2016-11-16,11,3,5,05:50,-97.70943,30.311346,2016
Pedestrian,1,2016-11-06,11,7,8,20:34,-97.688996,30.377419,2016
Motor Vehicle,2,2016-11-22,11,2,19,19:31,-97.594177,30.338692,2016
Pedestrian,1,2016-11-23,11,3,3,03:34,-97.793833,30.145808,2016
Motorcycle,1,2016-11-11,11,5,21,21:44,-97.682105,30.223902,2016
Pedestrian,1,2016-11-24,11,4,18,18:37,-97.705601,30.329808,2016
Motor Vehicle,1,2016-11-25,11,5,19,19:47,-97.718872,30.33763,2016
Pedestrian,1,2016-11-29,11,2,21,21:13,-97.702597,30.286928,2016
Pedestrian,1,2016-11-29,11,2,14,14:15,-97.740043,30.235451,2016
Motor Vehicle,1,2016-12-07,12,3,8,08:22,-97.624398,30.195326,2016
Motor Vehicle,1,2016-12-18,12,7,3,03:38,-97.895974,30.250702,2016
Motor Vehicle,1,2016-12-21,12,3,5,05:47,-97.766961,30.224881,2016
Pedestrian,1,2016-12-21,12,3,16,16:13,-97.775528,30.202493,2016
Pedestrian,1,2016-12-23,12,5,22,22:10,-97.819543,30.277537,2016
Pedestrian,1,2016-11-25,11,5,17,17:58,-97.768774,30.215157,2016
Motor Vehicle,1,2017-01-03,1,2,1,01:55,-97.709153,30.350809,2017
Bicycle,1,2017-01-08,1,7,15,15:32,-97.753497,30.426752,2017
Motor Vehicle,1,2017-01-07,1,6,21,21:06,-97.623275,30.33123,2017
Motor Vehicle,1,2017-01-15,1,7,2,02:19,-97.790548,30.449598,2017
Pedestrian,1,2017-01-11,1,3,6,06:51,-97.706646,30.320762,2017
Motor Vehicle,1,2017-02-05,2,7,3,03:41,-97.807729,30.111226,2017
Motor Vehicle,1,2017-02-07,2,2,23,23:24,-97.707257,30.213443,2017
Motor Vehicle,1,2017-02-19,2,7,23,23:14,-97.78569,30.371658,2017
Motorcycle,1,2017-02-22,2,3,15,15:15,-97.708229,30.321594,2017
Motor Vehicle,1,2017-02-17,2,5,2,02:48,-97.660994,30.302634,2017
Motor Vehicle,1,2017-03-11,3,6,20,20:44,-97.704747,30.197431,2017
Bicycle,1,2017-03-14,3,2,23,23:42,-97.678834,30.286215,2017
Motor Vehicle,1,2017-03-18,3,6,8,08:07,-97.826565,30.239929,2017
Pedestrian,1,2017-03-12,3,7,1,01:21,-97.693053,30.370097,2017
Pedestrian,1,2017-03-19,3,7,2,02:31,-97.717858,30.401852,2017
Pedestrian,1,2017-03-24,3,5,11,11:56,-97.68631,30.332499,2017
Bicycle,1,2017-03-28,3,2,19,19:26,-97.755834,30.24743,2017
Motor Vehicle,1,2017-03-30,3,4,11,11:12,-97.694956,30.321868,2017
Pedestrian,1,2017-04-04,4,2,21,21:06,-97.771719,30.191007,2017
Motor Vehicle,2,2017-04-08,4,6,4,04:43,-97.622752,30.199905,2017
Motor Vehicle,2,2017-04-08,4,6,9,09:52,-97.904446,30.257222,2017
Motorcycle,1,2017-04-17,4,1,19,19:21,-97.694928,30.290123,2017
Motorcycle,1,2017-04-25,4,2,16,16:19,-97.733094,30.376402,2017
Motor Vehicle,1,2017-04-29,4,6,13,13:52,-97.754884,30.184113,2017
Pedestrian,1,2017-04-27,4,4,6,06:23,-97.7472,30.193826,2017
Motor Vehicle,1,2017-05-01,5,1,12,12:02,-97.703222,30.321727,2017
Motor Vehicle,1,2017-05-30,5,2,21,21:18,-97.775425,30.192018,2017
Motor Vehicle,1,2017-06-05,6,1,6,06:15,-97.639116,30.203154,2017
Motor Vehicle,1,2017-06-10,6,6,22,22:28,-97.718512,30.350281,2017
Pedestrian,1,2017-06-11,6,7,21,21:18,-97.684266,30.283327,2017
Motor Vehicle,1,2017-07-08,7,6,0,00:30,-97.81214,30.382159,2017
Motor Vehicle,1,2017-07-13,7,4,20,20:59,-97.795281,30.352448,2017
Pedestrian,1,2017-07-17,7,4,22,22:58,-97.675583,30.376949,2017
Motor Vehicle,1,2017-07-27,7,7,8,08:52,-97.683061,30.229561,2017
Motorcycle,1,2017-08-02,8,3,21,21:43,-97.653458,30.394508,2017
Pedestrian,1,2017-08-03,8,4,21,21:25,-97.696045,30.345376,2017
Motor Vehicle,1,2017-08-05,8,6,23,23:06,-97.76287,30.187706,2017
Motorcycle,1,2017-08-06,8,7,0,00:33,-97.778115,30.246489,2017
Pedestrian,1,2017-08-07,8,1,1,01:48,-97.761191,30.228058,2017
Motor Vehicle,1,2017-08-14,8,1,5,05:32,-97.719555,30.336702,2017
Pedestrian,1,2017-08-23,8,3,7,07:14,-97.683536,30.203971,2017
Motor Vehicle,1,2017-09-03,9,7,2,02:22,-97.795248,30.465592,2017
Pedestrian,1,2017-09-04,9,1,21,21:44,-97.669327,30.44026,2017
Motor Vehicle,1,2017-09-05,9,2,22,22:18,-97.685973,30.188846,2017
Motor Vehicle,1,2017-08-24,8,4,20,20:27,-97.736871,30.240816,2017
Pedestrian,1,2017-09-07,9,4,5,05:49,-97.755406,30.438991,2017
Motor Vehicle,1,2017-09-02,9,6,14,14:00,-97.725656,30.23768,2017
Motor Vehicle,1,2017-09-25,9,1,5,05:14,-97.795281,30.352448,2017
Bicycle,1,2017-09-22,9,5,2,02:28,-97.748779,30.268678,2017
Pedestrian,1,2017-10-10,10,2,16,16:29,-97.706726,30.366617,2017
Pedestrian,1,2017-10-12,10,4,10,10:37,-97.735255,30.263801,2017
Pedestrian,1,2017-10-13,10,5,19,19:36,-97.720683,30.255787,2017
Pedestrian,1,2017-10-16,10,1,5,05:57,-97.739666,30.19363,2017
Pedestrian,1,2017-10-27,10,6,21,21:00,-97.78614,30.240842,2017
Motorcycle,1,2017-10-29,10,7,18,18:13,-97.726138,30.263954,2017
Pedestrian,1,2017-10-31,10,2,20,20:35,-97.725024,30.256208,2017
Motorcycle,1,2017-11-05,11,7,2,02:19,-97.664369,30.222797,2017
Motor Vehicle,1,2017-11-05,11,7,22,22:19,-97.793613,30.422528,2017
Motor Vehicle,3,2017-11-11,11,6,15,15:32,-97.743921,30.386784,2017
Motor Vehicle,2,2017-11-11,11,6,22,22:37,-97.701118,30.224027,2017
Pedestrian,1,2017-11-20,11,1,19,19:44,-97.70943,30.311346,2017
Motor Vehicle,1,2017-11-23,11,4,22,22:39,-97.688968,30.284871,2017
Pedestrian,1,2017-11-24,11,5,20,20:01,-97.805879,30.174032,2017
Pedestrian,1,2017-11-24,11,5,22,22:14,-97.812755,30.100462,2017
Motorcycle,1,2017-12-03,12,7,1,01:21,-97.689372,30.376617,2017
Pedestrian,1,2017-12-03,12,7,16,16:25,-97.673273,30.414601,2017
Motorcycle,1,2017-12-04,12,1,13,13:10,-97.715069,30.355643,2017
Motorcycle,1,2017-12-05,12,2,0,00:40,-97.754409,30.266275,2017
Motor Vehicle,1,2017-12-07,12,4,0,00:19,-97.67093,30.308889,2017
Motorcycle,1,2017-12-12,12,2,14,14:13,-97.715831,30.356976,2017
Motor Vehicle,1,2017-12-21,12,4,1,01:38,-97.731792,30.233746,2017
Motor Vehicle,2,2018-01-04,1,4,23,23:25,-97.70766,30.315355,2018
Motor Vehicle,1,2018-01-16,1,2,17,17:14,-97.817994,30.173921,2018
Motorcycle,1,2018-01-24,1,3,18,18:31,-97.654502,30.414118,2018
Motor Vehicle,1,2018-01-28,1,7,5,05:00,-97.807409,30.245719,2018
Pedestrian,1,2018-01-30,1,2,22,22:49,-97.696643,30.337206,2018
Motorcycle,1,2018-02-09,2,5,3,03:07,-97.725208,30.293554,2018
Bicycle,1,2018-01-29,1,1,12,12:18,-97.741091,30.195555,2018
Pedestrian,1,2018-02-06,2,2,19,19:07,-97.693544,30.220213,2018
Pedestrian,1,2018-02-17,2,6,20,20:40,-97.795827,30.16928,2018
Motor Vehicle,1,2018-02-23,2,5,22,22:32,-97.629246,30.289229,2018
Pedestrian,1,2018-02-28,2,3,6,06:36,-97.776712,30.160235,2018
Motor Vehicle,1,2018-03-13,3,2,16,16:31,-97.660947,30.419407,2018
Pedestrian,1,2018-03-15,3,4,20,20:45,-97.736178,30.252381,2018
Motor Vehicle,1,2018-03-23,3,7,4,04:31,-97.873301,30.190415,2018
Motor Vehicle,1,2018-03-11,3,7,14,14:38,-97.826068,30.315459,2018
Motor Vehicle,1,2018-04-09,4,1,1,01:09,-97.778818,30.193076,2018
Pedestrian,1,2018-04-11,4,3,1,01:15,-97.784918,30.168472,2018
Motorcycle,1,2018-04-12,4,4,17,17:39,-97.888308,30.247001,2018
Motor Vehicle,1,2018-04-16,4,1,2,02:24,-97.736767,30.26123,2018
Pedestrian,1,2018-04-21,4,6,5,05:37,-97.780688,30.175964,2018
Motor Vehicle,1,2018-05-01,5,2,2,02:50,-97.781513,30.208448,2018
Pedestrian,1,2018-05-07,5,1,2,02:10,-97.698495,30.342328,2018
Pedestrian,1,2018-05-21,5,1,4,04:23,-97.707128,30.31843,2018
Motor Vehicle,1,2018-05-26,5,6,9,09:42,-97.647999,30.280828,2018
Pedestrian,1,2018-06-07,6,4,21,21:19,-97.695509,30.26561,2018
Motor Vehicle,1,2018-06-10,6,7,16,16:48,-97.607618,30.335029,2018
Motorcycle,1,2018-06-10,6,7,3,03:03,-97.623247,30.298567,2018
Motorcycle,1,2018-06-08,6,5,22,22:41,-97.620607,30.302631,2018
Motorcycle,1,2018-06-13,6,3,23,23:26,-97.688539,30.276482,2018
Motor Vehicle,1,2018-07-03,7,2,11,11:59,-97.636618,30.201436,2018
Motor Vehicle,1,2018-07-09,7,1,15,15:43,-97.761409,30.269339,2018
Pedestrian,1,2018-07-13,7,5,21,21:05,-97.695997,30.36487,2018
Pedestrian,1,2018-07-23,7,1,6,06:29,-97.738552,30.439205,2018
Motorcycle,1,2018-07-23,7,1,22,22:20,-97.769418,30.174329,2018
Motor Vehicle,1,2018-07-15,7,7,7,07:14,-97.719588,30.294971,2018
Pedestrian,1,2018-07-26,7,4,8,08:40,-97.693189,30.336078,2018
Pedestrian,1,2018-07-27,7,5,21,21:17,-97.735372,30.26398,2018
Pedestrian,1,2018-07-29,7,7,22,22:36,-97.833266,30.153267,2018
Pedestrian,1,2018-08-01,8,3,7,07:58,-97.76918,30.226975,2018
Motorcycle,1,2018-08-07,8,2,18,18:52,-97.666009,30.319215,2018
Motor Vehicle,1,2018-08-17,8,5,0,00:27,-97.671294,30.394254,2018
Motor Vehicle,1,2018-08-21,8,2,6,06:35,-97.714946,30.246111,2018
Motor Vehicle,1,2018-08-22,8,3,20,20:50,-97.70577,30.324017,2018
Motor Vehicle,1,2018-08-25,8,6,1,01:24,-97.678288,30.222321,2018
Pedestrian,1,2018-08-16,8,4,21,21:17,-97.716408,30.334759,2018
Motor Vehicle,1,2018-08-21,8,2,6,06:00,-97.679711,30.371187,2018
Pedestrian,1,2018-09-02,9,7,7,07:44,-97.648821,30.386275,2018
Pedestrian,1,2018-09-02,9,7,22,22:12,-97.794904,30.234999,2018
Pedestrian,1,2018-08-18,8,6,2,02:33,-97.734654,30.26685,2018
Pedestrian,1,2018-09-11,9,2,22,22:29,-97.67175,30.220067,2018
Motor Vehicle,1,2018-09-22,9,6,10,10:28,-97.6005,30.336722,2018
Pedestrian,1,2018-09-20,9,4,23,23:36,-97.699319,30.33063,2018
Motor Vehicle,1,2018-10-03,10,3,0,00:24,-97.725174,30.286215,2018
Pedestrian,1,2018-10-10,10,3,2,02:05,-97.722648,30.256432,2018
Pedestrian,1,2018-10-12,10,5,6,06:32,-97.706183,30.325331,2018
Motor Vehicle,1,2018-10-12,10,5,17,17:52,-97.764931,30.431523,2018
Motor Vehicle,1,2018-10-16,10,2,19,19:52,-97.786208,30.166851,2018
Motor Vehicle,1,2018-10-17,10,3,15,15:07,-97.801692,30.11288,2018
Pedestrian,1,2018-10-19,10,5,2,02:20,-97.777183,30.246924,2018
Pedestrian,1,2018-10-30,10,2,3,03:50,-97.696678,30.344394,2018
Motor Vehicle,1,2018-10-29,10,7,22,22:46,-97.767831,30.245127,2018
Pedestrian,1,2018-11-02,11,5,11,11:52,-97.803619,30.210518,2018
Pedestrian,1,2018-11-03,11,6,0,00:33,-97.728448,30.402582,2018
Pedestrian,1,2018-11-04,11,7,1,01:40,-97.732256,30.271853,2018
Motor Vehicle,1,2018-11-09,11,5,21,21:43,-97.661974,30.28507,2018
Bicycle,1,2018-11-09,11,5,18,18:23,-97.650619,30.388337,2018
Motor Vehicle,1,2018-11-22,11,4,15,15:17,-97.804553,30.484374,2018
Pedestrian,1,2018-11-27,11,2,13,13:46,-97.70157,30.335968,2018
Motor Vehicle,1,2018-11-29,11,4,19,19:48,-97.728905,30.37397,2018
Pedestrian,1,2018-12-01,12,6,1,01:28,-97.698705,30.260667,2018
Motor Vehicle,1,2018-12-04,12,2,20,20:39,-97.717789,30.365314,2018
Motorcycle,1,2018-12-21,12,5,20,20:21,-97.734239,30.390881,2018
Motor Vehicle,1,2018-12-30,12,7,2,02:24,-97.678343,30.222337,2018
Pedestrian,1,2019-01-15,1,2,6,06:19,-97.681335,30.368955,2019
Motor Vehicle,1,2019-01-16,1,3,15,15:42,-97.861421,30.228131,2019
Pedestrian,1,2019-01-08,1,2,21,21:37,-97.801933,30.243596,2019
Pedestrian,1,2019-01-26,1,6,1,01:03,-97.705467,30.330291,2019
Pedestrian,1,2019-02-01,2,5,0,00:52,-97.735003,30.265881,2019
Motorcycle,1,2019-02-06,2,3,7,07:01,-97.76508,30.244264,2019
Motor vehicle,1,2019-02-09,2,6,12,Dec-48,-97.671406,30.30356,2019
Pedestrian,1,2019-02-21,2,4,20,20:30,-97.709464,30.350741,2019
Pedestrian,1,2019-02-21,2,4,23,23:57,-97.694243,30.220619,2019
Motor vehicle,1,2019-02-27,2,3,22,22:25,-97.701673,30.256036,2019
Bicycle,1,2019-03-28,3,4,22,22:11,-97.728487,30.278568,2019
Pedestrian,1,2019-03-29,3,5,20,20:18,-97.781001,30.186518,2019
Pedestrian,1,2019-03-17,3,7,21,21:31,-97.737028,30.257497,2019
Motor Vehicle,1,2019-03-21,3,4,7,07:40,-97.747309,30.198738,2019
Motor Vehicle,2,2019-04-02,4,2,22,22:01,-97.778539,30.163793,2019
Motor Vehicle,1,2019-04-06,4,6,15,15:26,-97.765472,30.47602,2019
Motor Vehicle,1,2019-04-03,4,3,2,02:39,-97.652923,30.432672,2019
Pedestrian,1,2019-04-17,4,3,1,01:41,-97.774792,30.204945,2019
Motor Vehicle,1,2019-04-17,4,3,10,10:22,-97.747867,30.407795,2019
Motor Vehicle,1,2019-04-18,4,4,6,06:53,-97.890863,30.229444,2019
Motor Vehicle,1,2019-04-18,4,4,10,10:15,-97.646623,30.180581,2019
Pedestrian,1,2019-04-21,4,7,10,10:38,-97.707815,30.315994,2019
Motor Vehicle,1,2019-04-14,4,7,11,11:06,-97.730009,30.40089,2019
Motor Vehicle,1,2019-04-26,4,5,20,20:08,-97.715328,30.354776,2019
Pedestrian,1,2019-05-02,5,4,6,06:09,-97.702354,30.355748,2019
Pedestrian,1,2019-05-07,5,2,2,02:54,-97.737007,30.25975,2019
Motor Vehicle,1,2019-05-12,5,7,3,03:50,-97.674941,30.378861,2019
Motor Vehicle,1,2019-05-12,5,7,9,09:58,-97.785805,30.264557,2019
Motor Vehicle,1,2019-05-12,5,7,23,23:35,-97.671294,30.394254,2019
Motor Vehicle,1,2019-05-18,5,6,1,01:58,-97.697907,30.273556,2019
Pedestrian,1,2019-05-18,5,6,22,22:54,-97.668116,30.441687,2019
Motor Vehicle,1,2019-05-19,5,7,13,13:15,-97.756365,30.235508,2019
Motor Vehicle,1,2019-06-01,6,6,22,22:20,-97.714964,30.343974,2019
Motor Vehicle,1,2019-06-02,6,7,2,02:48,-97.677311,30.286393,2019
Pedestrian,1,2019-06-03,6,1,5,05:39,-97.801065,30.127707,2019
Motor Vehicle,1,2019-06-08,6,6,12,12:28,-97.759838,30.388155,2019
Motorcycle,1,2019-06-10,6,1,3,15:53,-97.751382,30.237467,2019
Motorcycle,1,2019-06-29,6,6,20,20:43,-97.688539,30.276482,2019
Motor Vehicle,1,2019-07-07,7,7,0,00:15,-97.731517,30.214917,2019
Pedestrian,1,2019-07-14,7,7,4,04:20,-97.735747,30.262956,2019
Motorcycle,1,2019-07-22,7,1,11,11:12,-97.848578,30.39648,2019
Pedestrian,1,2019-07-24,7,3,1,01:28,-97.7349,30.246208,2019
Pedestrian,1,2019-07-27,7,6,1,01:37,-97.696888,30.344504,2019
Pedestrian,1,2019-07-28,7,7,2,02:37,-97.677728,30.344825,2019
Pedestrian,1,2019-07-25,7,4,22,22:33,-97.775209,30.203889,2019
Pedestrian,1,2019-08-04,8,7,2,02:44,-97.86478,30.234056,2019
Motorcycle,1,2019-08-07,8,3,19,19:25,-97.601527,30.376621,2019
Pedestrian,1,2019-08-12,8,1,17,17:09,-97.690618,30.413218,2019
Motor vehicle,1,2019-08-16,8,5,3,03:00,-97.715409,30.207273,2019
Motorcycle,2,2019-08-17,8,6,22,22:21,-97.77695,30.341319,2019
Motor Vehicle,1,2019-08-19,8,1,23,23:55,-97.778568,30.164089,2019
Bicycle,1,2019-08-23,8,5,12,12:59,-97.753002,30.214997,2019
Motor Vehicle,1,2019-09-01,9,7,1,01:49,-97.682889,30.366994,2019
Motorcycle,1,2019-09-01,9,7,5,05:17,-97.721749,30.373529,2019
Pedestrian,1,2019-09-02,9,1,3,03:09,-97.731308,30.275386,2019
Pedestrian,1,2019-09-07,9,6,2,02:20,-97.70633,30.326258,2019
Pedestrian,1,2019-09-11,9,3,1,01:40,-97.669464,30.433304,2019
Motorcycle,1,2019-09-11,9,3,4,04:37,-97.674895,30.221611,2019
Motorcycle,1,2019-09-13,9,5,8,08:42,-97.58065,30.34495,2019
Pedestrian,1,2019-09-23,9,1,20,20:00,-97.788551,30.167279,2019
Motor Vehicle,1,2019-09-27,9,5,11,11:27,-97.648592,30.387004,2019
Pedestrian,1,2019-09-28,9,6,22,22:12,-97.666256,30.395757,2019
Motor Vehicle,1,2019-09-30,9,1,23,23:58,-97.776462,30.181906,2019
Pedestrian,1,2019-10-03,10,4,22,22:39,-97.784272,30.23619,2019
Motor Vehicle,1,2019-09-22,9,7,3,03:56,-97.790471,30.156324,2019
Pedestrian,1,2019-10-13,10,7,15,15:32,-97.793612,30.199257,2019
Motor Vehicle,1,2019-10-17,10,4,9,09:55,-97.763657,30.198195,2019
Motor Vehicle,1,2019-10-26,10,6,0,00:23,-97.774224,30.474036,2019
Motor Vehicle,1,2019-10-27,10,7,8,08:44,-97.721752,30.391173,2019
Motor Vehicle,1,2019-10-29,10,2,13,13:37,-97.712186,30.307096,2019
Pedestrian,1,2019-11-06,11,3,21,21:41,-97.798951,30.20037,2019
Pedestrian,1,2019-11-14,11,4,20,20:36,-97.709755,30.309108,2019
Motor Vehicle,1,2019-11-16,11,6,5,05:01,-97.665486,30.327217,2019
Motor Vehicle,1,2019-11-16,11,6,19,19:05,-97.739859,30.334491,2019
Pedestrian,1,2019-11-21,11,4,19,19:18,-97.771914,30.190949,2019
Motorcycle,1,2019-11-24,11,7,19,19:15,-97.75373,30.217431,2019
Motor Vehicle,1,2019-11-30,11,6,23,23:41,-97.785229,30.17311,2019
Motor Vehicle,1,2019-11-12,11,2,16,16:34,-97.648197,30.300272,2019
Motor Vehicle,1,2019-12-06,12,5,6,06:53,-97.895508,30.250479,2019
Motor Vehicle,1,2019-12-07,12,6,21,21:29,-97.685394,30.362224,2019
Pedestrian,1,2019-12-13,12,5,19,19:34,-97.733366,30.230846,2019
Pedestrian,1,2019-12-16,12,1,2,02:26,-97.697831,30.318902,2019
Motor Vehicle,1,2019-12-17,12,2,4,04:44,-97.763598,30.223409,2019
Pedestrian,1,2019-12-19,12,4,6,06:53,-97.880916,30.240668,2019
Pedestrian,1,2019-12-22,12,7,2,02:25,-97.665833,30.3725,2019
Pedestrian,1,2019-12-31,12,2,18,16:11,-97.66682,30.310396,2019
